Method,OverallScore
SPSID,0.975
RENDOR,0.5875
ND,0.69375
NE,0.54375
Silencer,0.08124999999999999
ICM,0.11874999999999997
